<?xml version="1.0" encoding="UTF-8"?>

<!--    XML con la configuración del servidor
configuracion_servidor:
|_ base_datos
|_ backups

base_datos debe incluir:
    - nombre de la base de base_datos (atributo)
    - usuario
    - contraseña
    - puerto
    - máximo de conexiones
    - modo de acceso

- seccion de backups que contenga a su vez:
    - ruta
    - frecuencia -->

<configuracion_servidor
    xmlns:xsi="http://www.w3.org/2001/XMLSchema-instance"
    xsi:noNamespaceSchemaLocation="conf_schema.xsd"
>

<!-- Configuración para la base de datos de Max -->
    <base_datos nombre="BD_Max">
        <usuario>Max</usuario>
        <contrasena><![CDATA[admin]]></contrasena>
        <puerto>1000</puerto>
        <maximo_conexiones>5</maximo_conexiones>
        <modo_acceso>remotos</modo_acceso>
    </base_datos>

    <base_datos nombre="BD_Max">
        <usuario>Maxito</usuario>
        <contrasena><![CDATA[adminis]]></contrasena>
        <puerto>1001</puerto>
        <maximo_conexiones>10</maximo_conexiones>
        <modo_acceso>locales</modo_acceso>
    </base_datos>

    <backups>
        <ruta>/var/backup</ruta>
        <frecuencia>semanales</frecuencia>
    </backups>
</configuracion_servidor>